Empresa,Valoracion_Pre_AI_2022_B,Valoracion_Post_AI_2024_B,AI_Exposure_Score,Crecimiento_Valoracion_%
NVIDIA,180,3410,10,1794.4444444444443
Microsoft,1800,3480,9,93.33333333333333
Alphabet,1200,2070,9,72.50000000000001
Amazon,1000,2310,8,131.0
Meta,240,1730,8,620.8333333333333
Tesla,800,927,7,15.874999999999995
Palantir,15,296,9,1873.3333333333335
Snowflake,20,45,8,125.0
ServiceNow,80,180,7,125.0
Adobe,200,310,8,55.00000000000001
